video_id,source,split,filename,vehicle_speed_raw,pedestrian_distance_raw,closing_risk_raw,visibility_brightness_raw,visibility_contrast_raw,num_pedestrians,traffic_density,weather,road_type,location,obstacle,braking,n_sampled_frames
VRU_10,CAP_DATA,test,test/CAP_DATA/VRU_10.mp4,3.595009673725475,0.70466256,2.5332687,100.82598668981483,56.38503584591649,3,4.916666666666667,sunny day,arterials,urban,yes,yes,12
VRU_14,CAP_DATA,test,test/CAP_DATA/VRU_14.mp4,3.296455755829811,0.047151186,0.1554318,108.94190007716048,74.52972599138151,1,4.666666666666667,snowy day,arterials,urban,no,no,9
VRU_9,CAP_DATA,test,test/CAP_DATA/VRU_9.mp4,1.8304450086184911,nan,nan,49.36666015625,41.018853874902,0,1.125,clear night,residential,rural,yes,yes,8
VRU_102,CAP_DATA,train,train/CAP_DATA/VRU_102.mp4,3.6297707054764032,nan,nan,126.72754050925927,71.36305315398651,0,3.4444444444444446,snowy day,arterials,urban,yes,yes,9
VRU_104,CAP_DATA,train,train/CAP_DATA/VRU_104.mp4,1.6750107049942016,nan,nan,115.81552083333334,38.618625078832856,0,1.3333333333333333,sunny day,arterials,urban,yes,no,6
VRU_110,CAP_DATA,train,train/CAP_DATA/VRU_110.mp4,0.7170665472745895,0.30330017,0.2174864,98.1572995580808,63.82535130344531,18,2.727272727272727,sunny day,intersection,urban,yes,yes,11
VRU_111,CAP_DATA,train,train/CAP_DATA/VRU_111.mp4,0.8838523164391517,0.23167017,0.20476222,135.81160984848484,70.41876069486534,1,5.0,sunny day,arterials,urban,yes,yes,11
VRU_113,CAP_DATA,train,train/CAP_DATA/VRU_113.mp4,6.651710578373501,0.35193226,2.3409514,91.35662109375001,64.62552523532639,1,2.25,sunny day,arterials,urban,yes,no,8
VRU_114,CAP_DATA,train,train/CAP_DATA/VRU_114.mp4,1.5017140444368124,0.49912655,0.74954534,96.53423926767677,70.28609408217352,2,2.4545454545454546,sunny day,arterials,urban,yes,no,11
VRU_115,CAP_DATA,train,train/CAP_DATA/VRU_115.mp4,1.1618910385295749,0.03555052,0.04130583,122.65953703703703,85.69972572878444,1,2.7777777777777777,sunny day,arterials,urban,yes,yes,9
VRU_117,CAP_DATA,train,train/CAP_DATA/VRU_117.mp4,0.07953915270892056,0.23282132,0.018518409,36.09899594907408,47.50781365187513,7,3.8333333333333335,clear night,intersection,urban,yes,yes,12
VRU_119,CAP_DATA,train,train/CAP_DATA/VRU_119.mp4,0.149444902581828,0.34866384,0.052106034,80.5902560763889,48.50074416750049,2,3.0,sunny day,arterials,urban,yes,no,8
VRU_121,CAP_DATA,train,train/CAP_DATA/VRU_121.mp4,0.042599670588970184,0.4925448,0.020982247,98.7063811728395,83.90015195628176,4,6.888888888888889,sunny day,arterials,urban,yes,yes,9
VRU_126,CAP_DATA,train,train/CAP_DATA/VRU_126.mp4,0.3860301740467548,0.41469273,0.1600839,121.91750946969697,62.070021261130435,5,2.4545454545454546,snowy day,arterials,urban,yes,yes,11
VRU_129,CAP_DATA,train,train/CAP_DATA/VRU_129.mp4,1.9136624731123448,0.17881921,0.3421996,97.99792297979798,49.31315432951106,1,4.090909090909091,sunny day,intersection,urban,yes,yes,11
VRU_132,CAP_DATA,train,train/CAP_DATA/VRU_132.mp4,2.2399670921943406,0.20534419,0.45996422,92.3583521412037,72.9190769300887,6,6.833333333333333,sunny day,intersection,urban,yes,yes,12
VRU_133,CAP_DATA,train,train/CAP_DATA/VRU_133.mp4,1.2062680125236511,0.095183395,0.11481669,122.74520089285714,68.62989066773862,5,6.0,sunny day,intersection,urban,yes,yes,7
VRU_140,CAP_DATA,train,train/CAP_DATA/VRU_140.mp4,0.1898331300665935,0.4145872,0.07870239,137.77813034188034,70.21768828185533,8,6.230769230769231,sunny day,intersection,urban,yes,yes,13
VRU_141,CAP_DATA,train,train/CAP_DATA/VRU_141.mp4,2.7176455514771596,0.2252265,0.6120858,119.52615885416668,53.29472634660176,6,1.0,sunny day,arterials,urban,no,yes,8
VRU_143,CAP_DATA,train,train/CAP_DATA/VRU_143.mp4,2.103869394822554,0.46992314,0.98865694,126.27521556712962,67.95922127016391,1,3.5833333333333335,snowy day,arterials,urban,yes,no,12
VRU_144,CAP_DATA,train,train/CAP_DATA/VRU_144.mp4,3.2874512441456316,nan,nan,53.383066603535354,46.5438550222759,0,1.9090909090909092,snowy night,arterials,urban,yes,no,11
VRU_148,CAP_DATA,train,train/CAP_DATA/VRU_148.mp4,2.7220493175766687,0.21944614,0.5973432,111.97653645833333,66.20105607790484,3,7.25,sunny day,alley,urban,yes,yes,12
VRU_149,CAP_DATA,train,train/CAP_DATA/VRU_149.mp4,2.596651396968148,0.3207288,0.8328209,104.34738136574076,66.1035232541766,4,1.9166666666666667,snowy day,intersection,rural,yes,no,12
VRU_15,CAP_DATA,train,train/CAP_DATA/VRU_15.mp4,4.532385481728448,0.7510629,3.4041066,121.1906875,69.4889696405071,7,1.4,snowy day,arterials,urban,yes,no,10
VRU_152,CAP_DATA,train,train/CAP_DATA/VRU_152.mp4,2.226087961684574,nan,nan,116.40937644675925,65.70280671449535,0,2.1666666666666665,sunny day,intersection,urban,yes,yes,12
VRU_165,CAP_DATA,train,train/CAP_DATA/VRU_165.mp4,0.683951447294517,0.22037049,0.15072271,124.04039062500003,57.41454255609651,2,2.1666666666666665,snowy day,intersection,urban,yes,yes,12
VRU_172,CAP_DATA,train,train/CAP_DATA/VRU_172.mp4,0.8152021115476434,0.455178,0.37106207,112.44456452546295,63.74192071737112,4,1.9166666666666667,snowy day,intersection,urban,yes,no,12
VRU_174,CAP_DATA,train,train/CAP_DATA/VRU_174.mp4,0.047082789656188756,0.1160205,0.0054625687,99.92967534722222,46.9074474925654,1,1.0,sunny day,arterials,urban,yes,no,10
VRU_177,CAP_DATA,train,train/CAP_DATA/VRU_177.mp4,0.6003459539603103,0.34543923,0.20738305,104.43895543981482,49.734820782539366,2,1.5833333333333333,sunny day,arterials,urban,yes,yes,12
VRU_192,CAP_DATA,train,train/CAP_DATA/VRU_192.mp4,2.702964453233613,nan,nan,69.49839930555555,66.3492057839035,0,4.8,sunny day,arterials,urban,yes,yes,10
VRU_197,CAP_DATA,train,train/CAP_DATA/VRU_197.mp4,0.02738582098390907,0.08531952,0.0023365451,98.97412990196078,86.37040162621078,9,1.411764705882353,sunny day,T-junction,urban,no,no,17
VRU_198,CAP_DATA,train,train/CAP_DATA/VRU_198.mp4,0.05262635306765636,nan,nan,123.33745325854701,80.32266488489793,0,6.153846153846154,sunny day,arterials,urban,yes,no,13
VRU_199,CAP_DATA,train,train/CAP_DATA/VRU_199.mp4,1.784048659460885,0.13801117,0.24621865,85.95040509259258,74.168807239337,2,4.933333333333334,sunny day,arterials,urban,yes,no,15
VRU_200,CAP_DATA,train,train/CAP_DATA/VRU_200.mp4,0.8151930740901402,0.12923236,0.105349325,117.94424913194445,73.46458074141913,1,3.625,sunny day,intersection,urban,yes,yes,8
VRU_201,CAP_DATA,train,train/CAP_DATA/VRU_201.mp4,0.052221086248755454,0.23584497,0.012316081,100.22078124999999,70.54776516329102,8,6.095238095238095,sunny day,intersection,urban,yes,yes,21
VRU_202,CAP_DATA,train,train/CAP_DATA/VRU_202.mp4,0.3154603826502959,0.33361223,0.10524144,106.16249332264957,80.5016375530105,6,1.0,sunny day,intersection,urban,yes,yes,13
VRU_203,CAP_DATA,train,train/CAP_DATA/VRU_203.mp4,1.21169852939519,0.06566544,0.07956672,125.65824074074071,87.60598339548007,1,3.0,sunny day,arterials,urban,yes,yes,12
VRU_204,CAP_DATA,train,train/CAP_DATA/VRU_204.mp4,1.7421989291906357,nan,nan,110.17590277777778,94.76853527249014,0,2.5714285714285716,sunny day,intersection,urban,yes,yes,7
VRU_208,CAP_DATA,train,train/CAP_DATA/VRU_208.mp4,1.5255735913912456,nan,nan,112.00812065972222,55.8627518361853,0,4.5,sunny day,intersection,urban,yes,unknown,4
VRU_213,CAP_DATA,train,train/CAP_DATA/VRU_213.mp4,0.06737603868047397,0.2790138,0.018798845,98.06704861111112,59.8072786684286,4,4.75,cloudy evening,arterials,urban,yes,unknown,4
VRU_215,CAP_DATA,train,train/CAP_DATA/VRU_215.mp4,4.656823476155599,0.06449127,0.30032447,94.71024739583333,83.56826223433258,1,6.25,rainy day,arterials,urban,yes,unknown,4
VRU_216,CAP_DATA,train,train/CAP_DATA/VRU_216.mp4,4.602368036905925,nan,nan,116.16243055555555,71.19650491902658,0,2.75,sunny day,arterials,rural,yes,unknown,4
VRU_220,CAP_DATA,train,train/CAP_DATA/VRU_220.mp4,2.1323091983795166,nan,nan,111.38226996527777,44.967337331382815,0,3.5,rainy day,curve,urban,yes,unknown,4
VRU_227,CAP_DATA,train,train/CAP_DATA/VRU_227.mp4,5.591428438822429,0.13586189,0.75966203,115.69931857638889,75.22234997848722,3,3.25,sunny day,arterials,urban,yes,unknown,4
VRU_229,CAP_DATA,train,train/CAP_DATA/VRU_229.mp4,3.0628406604131064,0.16821305,0.5152098,99.26792100694445,52.12335204796041,2,3.5,sunny day,arterials,urban,no,unknown,4
VRU_231,CAP_DATA,train,train/CAP_DATA/VRU_231.mp4,0.0867171362042427,nan,nan,128.76589409722223,61.92713594298539,0,5.5,snowy day,arterials,urban,yes,unknown,4
VRU_232,CAP_DATA,train,train/CAP_DATA/VRU_232.mp4,0.061516898373762764,nan,nan,80.24037760416667,56.84630772628236,0,3.75,snowy day,arterials,urban,yes,unknown,4
VRU_234,CAP_DATA,train,train/CAP_DATA/VRU_234.mp4,0.10801105697949727,nan,nan,130.71346788194444,65.16425087815527,0,5.0,cloudy day,arterials,rural,yes,unknown,4
VRU_236,CAP_DATA,train,train/CAP_DATA/VRU_236.mp4,2.878023794719151,0.2473162,0.7117819,145.76464626736112,66.74977922212179,3,4.625,sunny day,T-junction,urban,yes,no,8
VRU_244,CAP_DATA,train,train/CAP_DATA/VRU_244.mp4,2.04328037550052,0.17184058,0.35111848,125.59047371031745,82.27413547013775,3,3.857142857142857,rainy day,T-junction,urban,yes,yes,7
VRU_25,CAP_DATA,train,train/CAP_DATA/VRU_25.mp4,1.3011768758296967,0.6355712,0.82699054,118.4491919191919,61.34151662025479,3,0.8181818181818182,snowy day,arterials,urban,yes,no,11
VRU_250,CAP_DATA,train,train/CAP_DATA/VRU_250.mp4,2.4260355730851493,0.1363661,0.33082902,117.12719150641024,55.193349527986776,1,4.538461538461538,sunny day,intersection,urban,yes,yes,13
VRU_251,CAP_DATA,train,train/CAP_DATA/VRU_251.mp4,0.04094606886307398,0.18752018,0.0076782145,116.9084655448718,80.30456050720325,2,6.0,sunny day,arterials,urban,yes,yes,13
VRU_255,CAP_DATA,train,train/CAP_DATA/VRU_255.mp4,0.11660825518461373,0.023858134,0.0027820554,120.44582589285714,35.03583968678585,1,4.214285714285714,sunny day,intersection,urban,yes,no,14
VRU_256,CAP_DATA,train,train/CAP_DATA/VRU_256.mp4,1.0905305093952589,0.4630092,0.50492567,126.06944791666668,73.27690322611548,7,1.8666666666666667,sunny day,intersection,urban,yes,yes,15
VRU_258,CAP_DATA,train,train/CAP_DATA/VRU_258.mp4,0.04277468733489513,0.3723965,0.015929144,104.19223169191919,53.625029652507735,4,1.7272727272727273,rainy day,intersection,urban,yes,no,11
VRU_259,CAP_DATA,train,train/CAP_DATA/VRU_259.mp4,2.142773840162489,0.1136784,0.2435871,117.36346399853804,60.2875548230252,5,3.8421052631578947,sunny day,arterials,urban,yes,yes,19
VRU_262,CAP_DATA,train,train/CAP_DATA/VRU_262.mp4,1.4716420417482203,nan,nan,153.3286850845411,53.01039233616165,0,0.7391304347826086,sunny day,arterials,urban,no,no,23
VRU_273,CAP_DATA,train,train/CAP_DATA/VRU_273.mp4,0.2754640281200409,0.120224,0.033117387,23.40638020833333,37.13376020550879,1,3.0,clear night,T-junction,urban,yes,unknown,4
VRU_28,CAP_DATA,train,train/CAP_DATA/VRU_28.mp4,0.1506592415805374,0.39879045,0.06008147,117.43779154693487,63.634030962314554,2,0.4827586206896552,snowy day,arterials,rural,no,no,29
VRU_34,CAP_DATA,train,train/CAP_DATA/VRU_34.mp4,0.48058090261791064,0.12895474,0.061973184,29.37745732060185,33.930404455055914,1,1.9583333333333333,clear night,arterials,urban,yes,no,24
VRU_35,CAP_DATA,train,train/CAP_DATA/VRU_35.mp4,1.709685961139344,nan,nan,90.94515388257577,76.33170517631403,0,4.863636363636363,sunny day,residential,urban,yes,yes,22
VRU_37,CAP_DATA,train,train/CAP_DATA/VRU_37.mp4,1.0833792868873169,0.3250316,0.3521325,130.2502650462963,74.595894961626,3,0.5666666666666667,sunny day,arterials,rural,no,yes,30
VRU_4,CAP_DATA,train,train/CAP_DATA/VRU_4.mp4,1.676194429397583,0.10795534,0.18095413,116.44745442708333,74.98264976710192,1,2.75,sunny day,arterials,urban,yes,yes,8
VRU_44,CAP_DATA,train,train/CAP_DATA/VRU_44.mp4,1.9756435818659763,0.90829575,1.7944688,115.1172298611111,82.4527165857017,2,0.4,rainy afternoon,intersection,urban,yes,yes,25
VRU_49,CAP_DATA,train,train/CAP_DATA/VRU_49.mp4,4.853798548380534,0.061186727,0.29698804,109.05257378472221,64.6769198811227,1,0.25,cloudy afternoon,arterials,suburban,no,unknown,4
VRU_51,CAP_DATA,train,train/CAP_DATA/VRU_51.mp4,6.000326951344808,0.24276361,1.4566611,91.44670572916667,68.50855203067943,2,2.75,sunny day,arterials,urban,no,unknown,4
VRU_55,CAP_DATA,train,train/CAP_DATA/VRU_55.mp4,6.065505345662435,0.14610994,0.88623065,130.84659722222221,41.89774512049807,4,7.5,sunny day,arterials,urban,no,unknown,4
VRU_59,CAP_DATA,train,train/CAP_DATA/VRU_59.mp4,0.01668142299167812,0.91588014,0.015278185,20.019049272486775,35.08483899200515,2,1.3333333333333333,clear night,arterials,urban,yes,no,21
VRU_6,CAP_DATA,train,train/CAP_DATA/VRU_6.mp4,2.136219217752417,nan,nan,81.2735689484127,70.32626795260731,0,3.5714285714285716,sunny day,residential,suburban,yes,yes,7
VRU_67,CAP_DATA,train,train/CAP_DATA/VRU_67.mp4,1.7259271815419197,0.19738798,0.3406773,94.87339265046296,55.692309088916545,2,2.1666666666666665,sunny day,arterials,urban,yes,yes,12
VRU_68,CAP_DATA,train,train/CAP_DATA/VRU_68.mp4,3.123252408372031,0.60705787,1.8959949,97.30450657894737,70.50773155079814,4,1.5789473684210527,sunny day,arterials,urban,yes,yes,19
VRU_75,CAP_DATA,train,train/CAP_DATA/VRU_75.mp4,4.5009614442076,0.32017207,1.4410821,90.53445075757577,80.97225872558987,5,1.7727272727272727,cloudy day,arterials,urban,yes,yes,22
VRU_77,CAP_DATA,train,train/CAP_DATA/VRU_77.mp4,1.3346654413717574,0.638077,0.85161936,75.63172974537036,56.41816996397818,2,4.3,clear evening,T-junction,urban,yes,yes,30
VRU_82,CAP_DATA,train,train/CAP_DATA/VRU_82.mp4,2.153806447982788,0.12850223,0.27676895,121.57599826388888,84.39680517744969,3,0.5,sunny day,T-junction,urban,no,unknown,4
VRU_84,CAP_DATA,train,train/CAP_DATA/VRU_84.mp4,0.23356814682483673,0.2624226,0.061293557,129.1280295138889,56.90650456123893,1,0.375,sunny day,arterials,rural,no,yes,8
VRU_90,CAP_DATA,train,train/CAP_DATA/VRU_90.mp4,0.39139141142368317,0.67630345,0.26469934,98.79084201388889,82.85764998366317,1,0.5,sunny day,arterials,urban,no,unknown,4
VRU_95,CAP_DATA,train,train/CAP_DATA/VRU_95.mp4,1.3357496586712925,0.12449036,0.16628794,86.66887152777777,58.79059681334706,2,1.25,snowy day,curve,rural,no,no,12
VRU_108,DADA_2000,train,train/DADA_2000/VRU_108.mp4,0.10466711512156601,nan,nan,32.98534461152882,43.12683045430578,0,0.16666666666666666,clear night,intersection,urban,yes,yes,30
VRU_109,DADA_2000,train,train/DADA_2000/VRU_109.mp4,0.05688070513308048,0.5197643,0.02956456,96.36844003036437,80.74090349325846,4,3.0384615384615383,sunny day,intersection,urban,yes,yes,26
VRU_110,DADA_2000,train,train/DADA_2000/VRU_110.mp4,5.786582903220103,0.36610237,2.1184816,92.49365514480645,66.11615295608556,2,1.6666666666666667,sunny day,arterials,urban,yes,no,27
VRU_113,DADA_2000,train,train/DADA_2000/VRU_113.mp4,0.04862520657479763,0.11292216,0.0054908637,86.91298402255639,79.04783818020346,1,1.5666666666666667,sunny day,arterials,urban,yes,no,30
VRU_116,DADA_2000,train,train/DADA_2000/VRU_116.mp4,0.08195442892611027,0.41220325,0.033781882,126.2709595168477,86.55313721922333,3,2.4074074074074074,rainy day,arterials,urban,yes,no,27
VRU_117,DADA_2000,train,train/DADA_2000/VRU_117.mp4,1.1980088959137598,0.21335246,0.25559813,107.0751953125,53.315933296168495,4,4.0,sunny day,intersection,urban,yes,yes,16
VRU_118,DADA_2000,train,train/DADA_2000/VRU_118.mp4,0.09850427636812473,0.33996475,0.03348798,52.98524514411027,39.115687448345646,2,1.5333333333333334,clear night,arterials,urban,yes,yes,30
VRU_119,DADA_2000,train,train/DADA_2000/VRU_119.mp4,0.09589414089918137,0.108039506,0.0103603555,96.19854504048584,51.907677166800035,1,3.9615384615384617,sunny day,intersection,urban,yes,yes,26
VRU_12,DADA_2000,train,train/DADA_2000/VRU_12.mp4,2.050785109914582,0.18025003,0.3696541,104.10176300125313,53.449690496573325,4,6.966666666666667,sunny day,arterials,urban,yes,no,30
VRU_120,DADA_2000,train,train/DADA_2000/VRU_120.mp4,0.7831349217429243,0.5129719,0.4017262,108.94639567669174,55.35524537587151,32,1.8333333333333333,sunny day,T-junction,urban,yes,yes,30
VRU_121,DADA_2000,train,train/DADA_2000/VRU_121.mp4,1.0916113238091822,0.47640118,0.5200449,99.23906333915144,62.00606092855298,5,4.214285714285714,sunny day,arterials,urban,yes,yes,28
VRU_122,DADA_2000,train,train/DADA_2000/VRU_122.mp4,1.052859284240624,0.14952472,0.15742849,120.5416823308271,60.899900310048494,5,5.133333333333334,sunny day,arterials,urban,yes,yes,30
VRU_123,DADA_2000,train,train/DADA_2000/VRU_123.mp4,1.9929328170315972,nan,nan,120.76935933583962,58.653808763139864,0,2.6333333333333333,sunny day,arterials,urban,yes,yes,30
VRU_125,DADA_2000,train,train/DADA_2000/VRU_125.mp4,1.7801756365545864,0.27351654,0.48690748,87.78951127819546,63.558643048199755,3,1.1,sunny day,arterials,rural,yes,yes,30
VRU_127,DADA_2000,train,train/DADA_2000/VRU_127.mp4,1.543761380513509,0.17596163,0.27164277,90.14492774906014,65.04994475299398,3,2.5,rainy day,intersection,urban,yes,no,16
VRU_128,DADA_2000,train,train/DADA_2000/VRU_128.mp4,0.08960652396082879,0.23442337,0.021005863,108.25375216888375,69.29557351718265,9,2.4615384615384617,sunny day,intersection,urban,yes,no,26
VRU_130,DADA_2000,train,train/DADA_2000/VRU_130.mp4,1.4983155049126724,0.1451981,0.21755257,113.56040491854641,60.97571861406927,4,5.133333333333334,sunny day,T-junction,urban,yes,yes,30
VRU_133,DADA_2000,train,train/DADA_2000/VRU_133.mp4,0.8160545363508421,0.46477762,0.37928388,101.8315429197995,92.68643443468297,6,8.4,sunny day,intersection,urban,yes,yes,30
VRU_134,DADA_2000,train,train/DADA_2000/VRU_134.mp4,2.1472118370558904,nan,nan,136.9027147947995,71.16408961707593,0,3.875,sunny day,T-junction,rural,yes,yes,24
VRU_140,DADA_2000,train,train/DADA_2000/VRU_140.mp4,0.5475169280948846,0.23622216,0.12933564,46.15325716635338,39.72988295485334,5,1.5416666666666667,clear night,intersection,urban,no,no,24
VRU_143,DADA_2000,train,train/DADA_2000/VRU_143.mp4,2.244670752286911,0.24477613,0.5494419,96.82728817235396,48.28162248015423,4,6.0,sunny day,intersection,urban,yes,yes,26
VRU_148,DADA_2000,train,train/DADA_2000/VRU_148.mp4,2.592848858663014,nan,nan,97.84962811122632,65.57376561950524,0,2.0689655172413794,sunny day,T-junction,urban,yes,yes,29
VRU_149,DADA_2000,train,train/DADA_2000/VRU_149.mp4,4.398936173011517,nan,nan,84.90449326441104,71.98744464065145,0,2.1,sunny day,arterials,urban,yes,no,30
VRU_16,DADA_2000,train,train/DADA_2000/VRU_16.mp4,2.9099754627261842,0.43378028,1.26229,118.50014016722841,66.42722450286394,1,2.2758620689655173,sunny day,arterials,urban,yes,yes,29
VRU_163,DADA_2000,train,train/DADA_2000/VRU_163.mp4,0.047658027631455456,0.17001371,0.008102518,118.20241306390979,59.98721603799262,1,4.133333333333334,sunny day,intersection,urban,yes,no,30
VRU_167,DADA_2000,train,train/DADA_2000/VRU_167.mp4,4.423582494258881,nan,nan,69.84145566121185,65.97082323020193,0,2.176470588235294,sunny day,arterials,urban,yes,no,17
VRU_170,DADA_2000,train,train/DADA_2000/VRU_170.mp4,2.7494932888519195,0.2925183,0.80427706,93.82486009056733,41.233934387386675,3,2.727272727272727,sunny day,arterials,urban,yes,no,22
VRU_172,DADA_2000,train,train/DADA_2000/VRU_172.mp4,0.26779482637842494,0.20787622,0.055668175,97.0341752819549,57.83150234931438,5,0.9090909090909091,sunny day,intersection,urban,no,yes,22
VRU_177,DADA_2000,train,train/DADA_2000/VRU_177.mp4,1.8882612154401581,0.32107636,0.60627604,110.72176221804514,70.94713690167306,3,3.0,sunny day,intersection,rural,yes,no,30
VRU_178,DADA_2000,train,train/DADA_2000/VRU_178.mp4,2.4445186801578687,0.2802893,0.6851724,96.36113917606515,77.35585943602311,3,5.625,sunny day,intersection,urban,yes,no,24
VRU_179,DADA_2000,train,train/DADA_2000/VRU_179.mp4,4.513073857625326,0.38734686,1.7481251,117.72280310150376,56.954336066160266,6,1.75,sunny day,intersection,urban,yes,no,16
VRU_18,DADA_2000,train,train/DADA_2000/VRU_18.mp4,4.52237449843308,nan,nan,76.58014176065163,59.510738529326936,0,4.033333333333333,sunny day,arterials,urban,yes,yes,30
VRU_181,DADA_2000,train,train/DADA_2000/VRU_181.mp4,1.6597563779354096,0.22120981,0.3671544,98.80278068970505,67.24275053806163,5,3.269230769230769,sunny day,intersection,urban,yes,no,26
VRU_185,DADA_2000,train,train/DADA_2000/VRU_185.mp4,1.4296361947881764,0.17347482,0.24800588,24.06635260025063,42.64785773516882,1,3.2333333333333334,clear night,intersection,urban,yes,no,30
VRU_186,DADA_2000,train,train/DADA_2000/VRU_186.mp4,2.3768747839434394,0.27563703,0.6551547,96.18659069548872,80.14555163002795,6,1.3666666666666667,sunny day,arterials,urban,yes,yes,30
VRU_187,DADA_2000,train,train/DADA_2000/VRU_187.mp4,3.0231278435937288,0.16498868,0.49878186,45.245702537593985,31.591689733190282,1,2.566666666666667,clear night,intersection,urban,yes,yes,30
VRU_19,DADA_2000,train,train/DADA_2000/VRU_19.mp4,2.5547324413883277,0.526361,1.3447114,92.78480419799499,57.33068778248767,6,0.6,sunny day,arterials,rural,no,yes,30
VRU_196,DADA_2000,train,train/DADA_2000/VRU_196.mp4,0.24112960876061998,0.12791699,0.030844575,16.7584453320802,40.07879598535301,1,1.4333333333333333,clear night,intersection,urban,yes,yes,30
VRU_197,DADA_2000,train,train/DADA_2000/VRU_197.mp4,1.4592748257363666,0.30378196,0.44330135,35.451419956140356,39.23244922882716,2,1.8333333333333333,clear night,arterials,urban,yes,yes,30
VRU_199,DADA_2000,train,train/DADA_2000/VRU_199.mp4,0.651606258133362,0.100514546,0.06549591,124.74747572055136,71.22608101307017,1,2.8333333333333335,sunny day,intersection,urban,yes,no,30
VRU_204,DADA_2000,train,train/DADA_2000/VRU_204.mp4,5.180220467703683,0.60723853,3.1456296,104.41937478639782,72.59030158966956,3,3.3636363636363638,sunny day,intersection,urban,yes,no,22
VRU_21,DADA_2000,train,train/DADA_2000/VRU_21.mp4,3.3780327572634348,0.4634687,1.5656124,82.84585643796994,47.972325123700045,9,1.95,rainy day,intersection,urban,yes,yes,20
VRU_214,DADA_2000,train,train/DADA_2000/VRU_214.mp4,2.2669831596571823,0.4236834,0.9604832,95.56238408521304,84.25213182074734,13,2.033333333333333,sunny day,intersection,urban,yes,no,30
VRU_215,DADA_2000,train,train/DADA_2000/VRU_215.mp4,2.4592547387416874,0.45057386,1.1080759,123.3776817754614,67.687262975344,6,2.772727272727273,sunny day,T-junction,urban,yes,yes,22
VRU_22,DADA_2000,train,train/DADA_2000/VRU_22.mp4,2.600029335710509,0.24315791,0.63221765,103.46160635964912,56.08110011075896,2,4.066666666666666,sunny day,T-junction,urban,yes,no,30
VRU_222,DADA_2000,train,train/DADA_2000/VRU_222.mp4,0.07321229488833954,0.26902282,0.01969578,103.35101386278195,64.22350358629136,3,6.75,sunny day,intersection,urban,yes,yes,20
VRU_23,DADA_2000,train,train/DADA_2000/VRU_23.mp4,8.0141145936374,0.25004438,2.0038843,107.74160949248123,64.20069251879997,13,4.4,sunny day,arterials,urban,yes,no,30
VRU_25,DADA_2000,train,train/DADA_2000/VRU_25.mp4,1.5202482927304048,0.23626423,0.3591803,95.42009096401716,59.15983020977451,6,0.0,sunny day,arterials,mountain,no,yes,14
VRU_29,DADA_2000,train,train/DADA_2000/VRU_29.mp4,1.3442488771317334,0.7527382,1.0118674,76.90071585213035,46.87335615189969,5,2.6333333333333333,clear night,T-junction,urban,yes,yes,30
VRU_35,DADA_2000,train,train/DADA_2000/VRU_35.mp4,2.625320468579644,0.5770808,1.515022,95.65647008145363,73.01824832699252,24,3.8666666666666667,sunny day,intersection,urban,yes,yes,30
VRU_37,DADA_2000,train,train/DADA_2000/VRU_37.mp4,3.103003604337573,0.22650205,0.70283663,77.10709138918726,56.56689604546188,3,0.5714285714285714,sunny day,curve,rural,no,yes,21
VRU_38,DADA_2000,train,train/DADA_2000/VRU_38.mp4,0.30428295759742874,0.341676,0.103966184,23.364497180451124,40.96653813404219,1,1.4210526315789473,clear night,arterials,rural,no,yes,19
VRU_40,DADA_2000,train,train/DADA_2000/VRU_40.mp4,0.019815330413014937,nan,nan,15.723353455754772,24.041999313766212,0,0.0,clear night,arterials,urban,no,no,13
VRU_42,DADA_2000,train,train/DADA_2000/VRU_42.mp4,2.0203693498825204,0.3367879,0.68043596,99.87429981203007,61.65304278334963,7,2.8,sunny day,arterials,urban,yes,yes,30
VRU_45,DADA_2000,train,train/DADA_2000/VRU_45.mp4,0.6547664696800297,0.23277615,0.15241401,104.47227521929827,46.23970978492511,10,2.7333333333333334,sunny day,arterials,urban,yes,yes,30
VRU_5,DADA_2000,train,train/DADA_2000/VRU_5.mp4,2.7706364120902687,0.41862276,1.1598514,99.20107377819548,60.73292161464326,12,3.7333333333333334,rainy day,arterials,urban,yes,no,30
VRU_52,DADA_2000,train,train/DADA_2000/VRU_52.mp4,2.3262889693523277,0.3129634,0.72804326,81.98563831453633,77.33607888853548,2,8.466666666666667,sunny day,residential,urban,yes,yes,30
VRU_54,DADA_2000,train,train/DADA_2000/VRU_54.mp4,1.4186701957007934,0.56208754,0.7974168,109.96712171052631,80.1517213750593,17,1.7333333333333334,sunny day,arterials,urban,yes,no,30
VRU_57,DADA_2000,train,train/DADA_2000/VRU_57.mp4,4.141947307084736,0.5157117,2.1360507,102.01202420112782,69.4506047141328,6,2.0,sunny day,T-junction,urban,yes,no,20
VRU_61,DADA_2000,train,train/DADA_2000/VRU_61.mp4,1.9220399582839531,0.44758755,0.86028117,97.51508067042607,77.64212732731444,4,2.9583333333333335,sunny day,T-junction,urban,yes,no,24
VRU_66,DADA_2000,train,train/DADA_2000/VRU_66.mp4,0.926622803612002,0.4526384,0.41942504,108.52690397869675,57.949674171921174,5,4.233333333333333,sunny day,intersection,urban,yes,yes,30
VRU_68,DADA_2000,train,train/DADA_2000/VRU_68.mp4,1.3027885643572643,0.31140903,0.40570015,39.885329730576444,34.44659439871312,4,4.7,clear night,T-junction,urban,no,yes,30
VRU_69,DADA_2000,train,train/DADA_2000/VRU_69.mp4,0.7455174563259914,0.13993059,0.1043207,122.45628446115289,58.23703659495906,3,2.3666666666666667,sunny day,intersection,urban,yes,no,30
VRU_7,DADA_2000,train,train/DADA_2000/VRU_7.mp4,3.7957803639101573,0.35694054,1.3548679,102.07745457393484,52.331285916621276,18,1.9,sunny day,arterials,urban,yes,yes,30
VRU_72,DADA_2000,train,train/DADA_2000/VRU_72.mp4,1.9849636167287827,0.2922752,0.5801556,110.08590666118421,67.6882358082204,2,1.625,sunny day,intersection,urban,yes,yes,16
VRU_74,DADA_2000,train,train/DADA_2000/VRU_74.mp4,5.505799865722656,0.51556665,2.8386068,95.397322332273,55.71596305492311,10,1.5384615384615385,sunny day,T-junction,rural,yes,no,26
VRU_75,DADA_2000,train,train/DADA_2000/VRU_75.mp4,3.003717496220408,0.25274298,0.7591685,91.50619282581457,65.30291882200717,4,1.7333333333333334,sunny day,intersection,urban,yes,yes,30
VRU_76,DADA_2000,train,train/DADA_2000/VRU_76.mp4,2.699793047904968,0.46015635,1.242327,103.31593858444187,53.93940245489179,3,3.0,sunny day,intersection,urban,yes,yes,26
VRU_80,DADA_2000,train,train/DADA_2000/VRU_80.mp4,2.9583087676558,0.44864982,1.3272446,135.6315272556391,63.566269721905414,2,4.466666666666667,sunny day,intersection,urban,yes,no,30
VRU_84,DADA_2000,train,train/DADA_2000/VRU_84.mp4,0.6504074574581215,0.73265,0.476521,113.12062564817217,81.45237348350247,7,5.0344827586206895,sunny day,arterials,urban,yes,yes,29
VRU_91,DADA_2000,train,train/DADA_2000/VRU_91.mp4,0.04672837784064227,0.27533656,0.01286603,101.88153743734334,66.28633868452798,7,9.066666666666666,sunny day,arterials,urban,yes,no,30
VRU_96,DADA_2000,train,train/DADA_2000/VRU_96.mp4,0.13771327760289698,0.43266878,0.059584238,107.02932200292396,71.52239441677098,3,4.277777777777778,sunny day,arterials,urban,yes,no,18
VRU_97,DADA_2000,train,train/DADA_2000/VRU_97.mp4,1.1604954312587608,0.20472953,0.23758768,120.51748511904763,70.42360783112896,5,2.933333333333333,sunny day,arterials,urban,yes,no,30
VRU_98,DADA_2000,train,train/DADA_2000/VRU_98.mp4,0.9332373828851971,0.43415684,0.4051714,96.61966400375941,56.43904691897837,22,5.233333333333333,sunny day,intersection,urban,yes,yes,30
VRU_99,DADA_2000,train,train/DADA_2000/VRU_99.mp4,0.9594917416829487,0.48043054,0.46096912,106.0651206140351,69.54492286138039,3,10.733333333333333,sunny day,arterials,urban,yes,no,30
VRU_1,DoTA,train,train/DoTA/VRU_1.mp4,0.3428675699979067,0.37171885,0.12745035,131.39492669753085,83.15597688157253,1,0.2222222222222222,sunny day,arterials,rural,no,yes,9
VRU_100,DoTA,train,train/DoTA/VRU_100.mp4,4.608356766402721,0.19408332,0.8944052,106.40659915123457,56.461163817720276,4,1.7777777777777777,sunny day,intersection,urban,yes,no,9
VRU_11,DoTA,train,train/DoTA/VRU_11.mp4,0.0015778212026426835,nan,nan,11.23818576388889,28.0839356122353,0,0.0,clear night,arterials,highway,no,no,8
VRU_12,DoTA,train,train/DoTA/VRU_12.mp4,0.7085217826068402,0.29278845,0.20744699,99.96300662878788,63.86431903780656,20,2.6363636363636362,clear night,intersection,urban,yes,yes,11
VRU_13,DoTA,train,train/DoTA/VRU_13.mp4,1.1411845199763775,0.23124821,0.26389688,137.5532465277778,70.5729719048412,1,5.090909090909091,sunny day,arterials,urban,yes,yes,11
VRU_14,DoTA,train,train/DoTA/VRU_14.mp4,5.22506316502889,0.21317367,1.113846,114.97230158730159,66.52043455865434,2,7.428571428571429,sunny day,arterials,urban,no,no,7
VRU_15,DoTA,train,train/DoTA/VRU_15.mp4,2.4983571569124856,0.41382286,1.0338773,72.19772743055556,49.25589127545537,5,1.8,clear night,arterials,urban,yes,yes,10
VRU_16,DoTA,train,train/DoTA/VRU_16.mp4,4.81556453023638,0.08396674,0.40434727,106.02601996527778,83.79361880797599,2,3.125,sunny day,arterials,urban,yes,no,8
VRU_17,DoTA,train,train/DoTA/VRU_17.mp4,0.07568273600190878,0.08978746,0.0067953607,117.08450038580246,55.504342043988004,1,2.888888888888889,sunny day,arterials,urban,yes,no,9
VRU_18,DoTA,train,train/DoTA/VRU_18.mp4,1.5035655416548253,0.49786732,0.74857616,98.14906881313131,70.65896297048559,2,2.727272727272727,sunny day,arterials,urban,yes,no,11
VRU_19,DoTA,train,train/DoTA/VRU_19.mp4,1.165346547961235,nan,nan,124.17842206790124,85.61560352310022,0,2.5555555555555554,sunny day,arterials,urban,yes,yes,9
VRU_2,DoTA,train,train/DoTA/VRU_2.mp4,2.14964337348938,0.14838664,0.31897837,114.1267939814815,72.27566937189533,3,4.5,sunny day,arterials,urban,yes,yes,6
VRU_23,DoTA,train,train/DoTA/VRU_23.mp4,4.046990718160357,0.34351572,1.390205,108.30692925347222,69.14423128092714,2,3.5,sunny day,arterials,urban,yes,yes,8
VRU_24,DoTA,train,train/DoTA/VRU_24.mp4,2.027371713093349,0.16954185,0.34372434,28.076082899305554,31.827232964760537,2,2.0,clear night,arterials,urban,no,no,8
VRU_25,DoTA,train,train/DoTA/VRU_25.mp4,4.039440811425448,0.4773769,1.9283357,109.18512626262624,65.77447071001103,1,2.8181818181818183,snowy day,arterials,urban,yes,yes,11
VRU_27,DoTA,train,train/DoTA/VRU_27.mp4,4.697120308876038,0.35004935,1.6442238,134.42787422839507,75.77733489342117,4,3.3333333333333335,sunny day,T-junction,urban,yes,no,9
VRU_28,DoTA,train,train/DoTA/VRU_28.mp4,3.432337151840329,0.5287642,1.814897,125.77862847222221,82.40706004694562,14,1.4444444444444444,sunny day,arterials,urban,yes,no,9
VRU_29,DoTA,train,train/DoTA/VRU_29.mp4,3.3969637870788576,nan,nan,103.01194444444445,65.38292966426698,0,4.833333333333333,snowy day,arterials,urban,yes,no,6
VRU_3,DoTA,train,train/DoTA/VRU_3.mp4,0.01830744743347168,nan,nan,104.12774016203703,54.3441819668521,0,3.8333333333333335,sunny day,intersection,urban,yes,no,6
VRU_30,DoTA,train,train/DoTA/VRU_30.mp4,4.551175951957703,0.24307658,1.1062843,105.0627449845679,54.395481076074006,3,2.5555555555555554,snowy day,arterials,urban,yes,yes,9
VRU_31,DoTA,train,train/DoTA/VRU_31.mp4,2.8427179604768753,0.4966317,1.4117838,118.09157335069445,77.11859308725553,3,1.25,snowy day,arterials,urban,yes,yes,8
VRU_32,DoTA,train,train/DoTA/VRU_32.mp4,5.064518531163533,0.6050939,3.0645092,111.44589037698412,46.770376694970274,1,2.857142857142857,sunny day,T-junction,urban,yes,no,7
VRU_33,DoTA,train,train/DoTA/VRU_33.mp4,0.9015410670212337,nan,nan,31.384164496527777,34.28877052802317,0,2.5,clear night,arterials,urban,yes,no,8
VRU_35,DoTA,train,train/DoTA/VRU_35.mp4,2.935108572244644,0.38944745,1.1430706,115.80583912037036,58.698422035493905,1,3.3333333333333335,clear night,arterials,urban,no,unknown,3
VRU_36,DoTA,train,train/DoTA/VRU_36.mp4,4.042147443230663,0.4042012,1.6338409,132.1935636574074,62.97277504350918,4,3.8666666666666667,sunny day,T-junction,urban,yes,no,15
VRU_37,DoTA,train,train/DoTA/VRU_37.mp4,2.960813750823339,nan,nan,92.68742063492063,84.08028857300681,0,2.142857142857143,sunny day,arterials,urban,no,no,7
VRU_38,DoTA,train,train/DoTA/VRU_38.mp4,1.886331780999899,nan,nan,99.80252367424242,49.43540722490548,0,3.8181818181818183,sunny day,arterials,urban,yes,yes,11
VRU_4,DoTA,train,train/DoTA/VRU_4.mp4,2.173814933747053,0.3795364,0.8250419,136.08316165123455,75.7660878375008,5,2.4444444444444446,sunny day,arterials,urban,yes,no,9
VRU_40,DoTA,train,train/DoTA/VRU_40.mp4,2.6393706798553467,nan,nan,101.38566550925925,55.4929166033884,0,1.1666666666666667,sunny day,arterials,urban,no,yes,6
VRU_41,DoTA,train,train/DoTA/VRU_41.mp4,4.0878017743428545,0.4198299,1.7161815,96.28978732638889,72.3903031605667,5,7.75,sunny day,intersection,urban,yes,unknown,4
VRU_42,DoTA,train,train/DoTA/VRU_42.mp4,4.158448100090027,nan,nan,92.17780381944445,92.15653670395713,0,2.3,rainy afternoon,T-junction,urban,no,no,10
VRU_43,DoTA,train,train/DoTA/VRU_43.mp4,0.4802647491684183,nan,nan,15.494036458333333,33.483694716525754,0,0.6666666666666666,clear night,arterials,urban,no,no,6
VRU_44,DoTA,train,train/DoTA/VRU_44.mp4,0.5574823452366723,0.19304241,0.10761774,120.23248263888888,64.14878504487143,4,2.9,sunny day,arterials,urban,yes,yes,10
VRU_47,DoTA,train,train/DoTA/VRU_47.mp4,0.190567746758461,0.14217868,0.027094672,140.48305121527778,91.83537465570312,5,3.5,rainy day,arterials,urban,yes,unknown,4
VRU_49,DoTA,train,train/DoTA/VRU_49.mp4,1.148594466348489,0.27505273,0.31592405,128.04243055555554,57.55868388169919,4,7.285714285714286,sunny day,intersection,urban,yes,yes,7
VRU_5,DoTA,train,train/DoTA/VRU_5.mp4,0.0034923168506273733,nan,nan,11.667211371527777,25.58536987739783,0,0.25,clear night,arterials,rural,no,yes,8
VRU_50,DoTA,train,train/DoTA/VRU_50.mp4,4.3620987892150875,0.30179062,1.3164405,100.92365162037038,64.35212076110916,8,2.6666666666666665,snowy day,arterials,urban,no,no,6
VRU_51,DoTA,train,train/DoTA/VRU_51.mp4,3.7160244385401406,0.081575185,0.30313537,105.49578125000001,86.47217391289094,2,2.0,sunny day,arterials,urban,yes,no,7
VRU_52,DoTA,train,train/DoTA/VRU_52.mp4,2.700628340244293,0.22452807,0.6063669,121.34393663194444,53.43640363594865,7,1.0,sunny day,T-junction,urban,no,yes,8
VRU_54,DoTA,train,train/DoTA/VRU_54.mp4,0.6255851338307062,0.89402384,0.559288,47.30851438492063,46.313043177924285,1,3.2857142857142856,clear night,intersection,urban,yes,no,7
VRU_55,DoTA,train,train/DoTA/VRU_55.mp4,2.987438845137755,0.1748864,0.5224624,121.51031746031747,65.6565099960357,2,1.7142857142857142,sunny day,intersection,urban,yes,yes,7
VRU_57,DoTA,train,train/DoTA/VRU_57.mp4,1.676159140964349,0.61528915,1.0313225,116.4055753968254,56.265735934383585,5,4.428571428571429,sunny day,intersection,rural,no,yes,7
VRU_59,DoTA,train,train/DoTA/VRU_59.mp4,0.026465769857168198,nan,nan,12.453269675925926,28.88453139981255,0,0.0,clear night,arterials,highway,no,unknown,3
VRU_6,DoTA,train,train/DoTA/VRU_6.mp4,0.021078790227572124,0.31380466,0.006614622,22.055074404761903,35.28292426115529,3,1.7142857142857142,clear night,arterials,rural,no,no,7
VRU_61,DoTA,train,train/DoTA/VRU_61.mp4,4.434302115440369,nan,nan,55.69057291666668,32.59183366136809,0,0.36363636363636365,clear night,arterials,urban,no,yes,11
VRU_62,DoTA,train,train/DoTA/VRU_62.mp4,3.146806249767542,0.057840135,0.1820117,136.04524305555555,92.19934720519377,1,4.5,sunny day,arterials,urban,yes,no,6
VRU_64,DoTA,train,train/DoTA/VRU_64.mp4,2.780249868120466,0.534358,1.4856488,122.45460069444445,61.609876973947806,3,4.25,sunny day,T-junction,urban,yes,no,8
VRU_65,DoTA,train,train/DoTA/VRU_65.mp4,1.672843901174409,0.10766898,0.1801134,118.26955512152777,75.14327367296025,1,2.625,sunny day,arterials,urban,yes,yes,8
VRU_66,DoTA,train,train/DoTA/VRU_66.mp4,0.654093594600757,0.339525,0.22208114,104.28232104700854,79.1132396641839,8,2.923076923076923,sunny day,arterials,urban,yes,yes,13
VRU_67,DoTA,train,train/DoTA/VRU_67.mp4,0.07667188833539303,0.20759396,0.015916621,37.26601562499999,48.054302210616406,2,1.7142857142857142,clear night,T-junction,urban,yes,yes,14
VRU_69,DoTA,train,train/DoTA/VRU_69.mp4,5.590321679910024,0.40944892,2.2889512,101.63977430555555,59.362814263251366,3,0.7142857142857143,sunny day,curve,rural,no,no,7
VRU_7,DoTA,train,train/DoTA/VRU_7.mp4,2.5951806232333183,nan,nan,31.767530864197536,46.32211390484823,0,0.7777777777777778,clear night,arterials,urban,yes,yes,9
VRU_70,DoTA,train,train/DoTA/VRU_70.mp4,0.7873727647321564,0.12807968,0.100846455,117.88120225694443,61.17769959178254,2,8.0,sunny day,arterials,urban,yes,yes,8
VRU_73,DoTA,train,train/DoTA/VRU_73.mp4,1.6903975009918213,nan,nan,117.72787905092594,38.69096308607276,0,1.1666666666666667,sunny day,arterials,urban,yes,no,6
VRU_75,DoTA,train,train/DoTA/VRU_75.mp4,3.5805879890918733,0.33475843,1.198632,46.73235243055556,49.24651172217224,1,4.166666666666667,clear night,arterials,urban,yes,yes,6
VRU_76,DoTA,train,train/DoTA/VRU_76.mp4,2.697272911667824,0.304442,0.8211632,100.19405598958332,69.86888065448997,2,6.125,sunny day,arterials,urban,yes,yes,8
VRU_77,DoTA,train,train/DoTA/VRU_77.mp4,1.1691576847806573,nan,nan,109.53694196428572,75.95489330805728,0,1.7142857142857142,sunny day,T-junction,urban,yes,yes,7
VRU_78,DoTA,train,train/DoTA/VRU_78.mp4,2.974902480840683,0.26379207,0.78475565,90.04108333333333,72.02149052739703,3,4.6,sunny day,arterials,urban,yes,no,5
VRU_79,DoTA,train,train/DoTA/VRU_79.mp4,5.578896085421245,0.21191882,1.182273,133.2163913690476,59.399059439332696,5,3.0,snowy day,arterials,urban,yes,no,7
VRU_81,DoTA,train,train/DoTA/VRU_81.mp4,2.1041219445566335,nan,nan,82.73185515873016,70.56618445075375,0,3.857142857142857,sunny day,arterials,urban,yes,yes,7
VRU_82,DoTA,train,train/DoTA/VRU_82.mp4,4.864012052615483,0.50556237,2.4590616,126.35937748015873,70.87535108150811,1,5.571428571428571,sunny day,arterials,urban,yes,yes,7
VRU_83,DoTA,train,train/DoTA/VRU_83.mp4,1.1951554665962856,0.09273063,0.11082752,124.60726190476191,68.67822222003564,4,5.857142857142857,sunny day,arterials,urban,yes,yes,7
VRU_84,DoTA,train,train/DoTA/VRU_84.mp4,1.6226699692862374,nan,nan,51.08248914930556,41.14865374324144,0,1.0,clear night,arterials,rural,yes,yes,8
VRU_85,DoTA,train,train/DoTA/VRU_85.mp4,2.1818357900612884,0.27923617,0.6092475,132.62372569444443,74.33400610298096,3,1.3,sunny day,arterials,rural,no,yes,10
VRU_86,DoTA,train,train/DoTA/VRU_86.mp4,3.6946193405560086,0.26324752,0.9725994,105.673125,58.894483937384436,3,1.875,sunny day,arterials,urban,yes,yes,8
VRU_87,DoTA,train,train/DoTA/VRU_87.mp4,2.8790415708835306,0.052274745,0.15050116,43.78360491071429,53.23788080574814,1,3.857142857142857,clear night,arterials,urban,yes,yes,14
VRU_89,DoTA,train,train/DoTA/VRU_89.mp4,1.1448359597813,0.19854397,0.22730027,138.42917390046296,86.69686120562191,2,3.5833333333333335,sunny day,arterials,urban,yes,yes,12
VRU_90,DoTA,train,train/DoTA/VRU_90.mp4,0.1854764719804128,0.41334543,0.07666585,139.53606971153846,70.42663407705733,7,6.230769230769231,sunny day,T-junction,urban,yes,yes,13
VRU_91,DoTA,train,train/DoTA/VRU_91.mp4,3.532308968050139,0.58236134,2.0570803,93.7168923611111,75.86300825045963,3,2.125,sunny day,arterials,urban,no,yes,8
VRU_92,DoTA,train,train/DoTA/VRU_92.mp4,1.1505240499973297,nan,nan,113.03762152777776,86.4060143356235,0,2.8,sunny day,arterials,urban,yes,no,5
VRU_94,DoTA,train,train/DoTA/VRU_94.mp4,3.6790240526199343,0.085718535,0.31536055,129.57369502314813,81.4764365604621,2,0.8333333333333334,sunny day,arterials,urban,no,no,6
VRU_95,DoTA,train,train/DoTA/VRU_95.mp4,0.5814303180409802,0.18847758,0.109586574,140.16315277777778,70.83915310558483,5,4.0,snowy day,arterials,urban,yes,yes,10
VRU_97,DoTA,train,train/DoTA/VRU_97.mp4,4.2622083106211255,0.079566956,0.33913094,117.0185546875,82.245672000388,1,0.25,sunny day,arterials,urban,no,no,8
VRU_98,DoTA,train,train/DoTA/VRU_98.mp4,3.286599227786064,nan,nan,55.39893308080809,46.53725733580283,0,2.0,clear night,arterials,urban,yes,no,11
VRU_99,DoTA,train,train/DoTA/VRU_99.mp4,0.1042849462479353,0.13361605,0.013934143,136.31316761363635,76.27090003112697,4,5.636363636363637,sunny day,intersection,urban,yes,yes,11
VRU_101,MANUAL_DATA,train,train/MANUAL_DATA/VRU_101.mp4,1.5275366542668178,0.3182316,0.48611045,107.80603935185187,45.76195423271185,8,4.366666666666666,sunny day,arterials,urban,yes,yes,30
VRU_105,MANUAL_DATA,train,train/MANUAL_DATA/VRU_105.mp4,0.20246566459536552,0.13959138,0.028262462,134.26152777777781,61.9559106038364,1,8.0,sunny day,arterials,urban,yes,no,9
VRU_11,MANUAL_DATA,train,train/MANUAL_DATA/VRU_11.mp4,3.5425545410676436,0.22931947,0.81237674,118.44507957175927,63.520146042232064,2,2.3333333333333335,sunny day,intersection,urban,yes,no,12
VRU_110,MANUAL_DATA,train,train/MANUAL_DATA/VRU_110.mp4,0.7927237523013148,0.7092602,0.56224746,90.22353935185184,67.65236944357463,2,0.8,rainy day,arterials,rural,yes,yes,30
VRU_113,MANUAL_DATA,train,train/MANUAL_DATA/VRU_113.mp4,1.2551071748137475,nan,nan,118.65754877645503,41.64122097804004,0,2.8095238095238093,sunny day,arterials,rural,yes,no,21
VRU_123,MANUAL_DATA,train,train/MANUAL_DATA/VRU_123.mp4,1.0198844643309712,0.102571614,0.104611196,123.82428750000001,50.63858044721684,1,2.84,rainy day,arterials,urban,yes,yes,25
VRU_124,MANUAL_DATA,train,train/MANUAL_DATA/VRU_124.mp4,2.1858442563277025,0.62335485,1.3625566,107.28784226190476,61.88443367527593,6,2.7142857142857144,snowy day,arterials,urban,yes,no,14
VRU_129,MANUAL_DATA,train,train/MANUAL_DATA/VRU_129.mp4,0.7202581628447488,nan,nan,98.90005287247473,66.43956269436264,0,2.0,clear night,arterials,urban,yes,yes,22
VRU_13,MANUAL_DATA,train,train/MANUAL_DATA/VRU_13.mp4,1.589581554941833,0.23877183,0.3795473,101.49567234848486,65.39972938900782,1,4.090909090909091,sunny day,residential,urban,yes,yes,11
VRU_146,MANUAL_DATA,train,train/MANUAL_DATA/VRU_146.mp4,0.03818971932762199,nan,nan,115.81988826815643,68.93902698043155,0,2.4,sunny day,intersection,urban,yes,no,10
VRU_150,MANUAL_DATA,train,train/MANUAL_DATA/VRU_150.mp4,2.545770049272549,0.26798052,0.6822168,153.46574879380395,39.99389159674904,7,1.9090909090909092,sunny day,arterials,urban,yes,yes,22
VRU_151,MANUAL_DATA,train,train/MANUAL_DATA/VRU_151.mp4,0.26330739334225656,nan,nan,101.76938431098698,62.13731124124447,0,1.1666666666666667,sunny day,arterials,urban,yes,yes,6
VRU_153,MANUAL_DATA,train,train/MANUAL_DATA/VRU_153.mp4,1.43876047929128,0.35986158,0.5177546,100.85307611731845,62.05660852567807,7,4.52,sunny day,arterials,urban,yes,no,25
VRU_155,MANUAL_DATA,train,train/MANUAL_DATA/VRU_155.mp4,0.514072098582983,0.29377368,0.15102085,121.53474638141188,41.21294678634038,4,1.6363636363636365,sunny day,arterials,urban,yes,yes,11
VRU_159,MANUAL_DATA,train,train/MANUAL_DATA/VRU_159.mp4,0.32402069707001957,0.7061661,0.22881241,75.70721485102422,39.671342686311434,8,3.8,snowy day,T-junction,urban,yes,no,15
VRU_161,MANUAL_DATA,train,train/MANUAL_DATA/VRU_161.mp4,3.513371595969567,0.31025922,1.090056,116.25262993814843,43.15394897726714,13,2.857142857142857,rainy day,intersection,urban,yes,yes,14
VRU_163,MANUAL_DATA,train,train/MANUAL_DATA/VRU_163.mp4,3.781629800796509,0.27070072,1.0236899,43.05275339185954,36.35450081970533,3,2.142857142857143,clear night,arterials,urban,no,no,7
VRU_173,MANUAL_DATA,train,train/MANUAL_DATA/VRU_173.mp4,0.7725221003804889,nan,nan,109.10956049231844,63.58718194256382,0,1.25,rainy day,arterials,urban,yes,yes,8
VRU_174,MANUAL_DATA,train,train/MANUAL_DATA/VRU_174.mp4,3.240652847290039,0.5809369,1.8826149,44.272288175046555,38.787330828342256,2,1.1666666666666667,clear night,arterials,urban,yes,yes,6
VRU_189,MANUAL_DATA,train,train/MANUAL_DATA/VRU_189.mp4,0.0369593370705843,0.45748863,0.016908476,22.154505208333333,35.94933903298161,1,2.0,clear night,arterials,urban,no,yes,18
VRU_19,MANUAL_DATA,train,train/MANUAL_DATA/VRU_19.mp4,2.570214851759374,nan,nan,77.5335474537037,57.230027949619085,0,4.555555555555555,clear evening,residential,urban,yes,yes,9
VRU_195,MANUAL_DATA,train,train/MANUAL_DATA/VRU_195.mp4,0.5022777691483498,nan,nan,83.49997729700854,72.59199834686684,0,1.2307692307692308,sunny day,T-junction,urban,no,yes,13
VRU_197,MANUAL_DATA,train,train/MANUAL_DATA/VRU_197.mp4,4.983132939253535,0.11854672,0.59073406,189.90692592592592,55.22860000014067,8,2.933333333333333,cloudy day,intersection,urban,yes,no,15
VRU_20,MANUAL_DATA,train,train/MANUAL_DATA/VRU_20.mp4,0.13038022195299467,0.08104028,0.01056605,135.7222552083333,49.22563408031366,1,1.0,sunny day,T-junction,urban,no,yes,10
VRU_203,MANUAL_DATA,train,train/MANUAL_DATA/VRU_203.mp4,2.6725613235362937,0.22575395,0.6033413,114.44117361111111,72.45243513628435,2,3.7333333333333334,sunny day,intersection,urban,yes,yes,15
VRU_204,MANUAL_DATA,train,train/MANUAL_DATA/VRU_204.mp4,0.6114751582068426,0.4394182,0.26869333,42.48809337797619,38.61144745348497,4,2.1785714285714284,clear night,arterials,urban,yes,yes,28
VRU_206,MANUAL_DATA,train,train/MANUAL_DATA/VRU_206.mp4,0.016199928753647126,nan,nan,93.34052814327487,75.90586212467394,0,6.894736842105263,sunny day,arterials,urban,yes,no,19
VRU_207,MANUAL_DATA,train,train/MANUAL_DATA/VRU_207.mp4,2.5700666395326457,0.4000186,1.0280745,107.8558804563492,75.72740121079055,1,6.142857142857143,sunny day,arterials,urban,yes,yes,7
VRU_209,MANUAL_DATA,train,train/MANUAL_DATA/VRU_209.mp4,0.9620550430845469,0.4164344,0.40063283,88.59263071895424,69.78099356814576,6,1.411764705882353,snowy day,arterials,urban,yes,no,17
VRU_211,MANUAL_DATA,train,train/MANUAL_DATA/VRU_211.mp4,0.20688430752073014,0.1745358,0.036108717,90.76984157986112,61.28028643215646,1,2.375,sunny day,arterials,urban,yes,no,8
VRU_213,MANUAL_DATA,train,train/MANUAL_DATA/VRU_213.mp4,1.3677552739779155,0.08851649,0.121068895,99.27883680555556,52.37308179090531,1,2.0,sunny day,arterials,urban,yes,no,7
VRU_220,MANUAL_DATA,train,train/MANUAL_DATA/VRU_220.mp4,0.8894845694303513,0.3432345,0.30530182,96.76847993827161,53.83049078285802,1,1.2222222222222223,snowy day,arterials,urban,yes,no,9
VRU_222,MANUAL_DATA,train,train/MANUAL_DATA/VRU_222.mp4,2.3505698723925486,nan,nan,112.22092881944445,62.69740359115692,0,8.4,sunny day,arterials,urban,yes,yes,10
VRU_223,MANUAL_DATA,train,train/MANUAL_DATA/VRU_223.mp4,0.5395478397607804,0.04807807,0.02594042,101.90440972222223,68.65468196429542,1,4.454545454545454,sunny day,arterials,urban,yes,yes,11
VRU_228,MANUAL_DATA,train,train/MANUAL_DATA/VRU_228.mp4,1.2138266569062808,0.4611497,0.5597558,101.74097966269842,75.43376091054229,7,1.0476190476190477,snowy day,arterials,urban,no,no,21
VRU_229,MANUAL_DATA,train,train/MANUAL_DATA/VRU_229.mp4,4.1110847890377045,0.52809244,2.171033,99.34961033950617,60.310260673177396,3,5.333333333333333,sunny day,arterials,urban,yes,yes,9
VRU_244,MANUAL_DATA,train,train/MANUAL_DATA/VRU_244.mp4,3.142381176352501,nan,nan,99.62225887345679,73.7894857559463,0,1.4444444444444444,sunny day,arterials,urban,no,no,9
VRU_247,MANUAL_DATA,train,train/MANUAL_DATA/VRU_247.mp4,0.9453205901384354,0.24600796,0.2325564,83.86132144764959,61.13827437420028,2,6.230769230769231,sunny day,intersection,urban,yes,yes,26
VRU_249,MANUAL_DATA,train,train/MANUAL_DATA/VRU_249.mp4,1.1416163626644347,nan,nan,122.59206505847953,60.852205265825766,0,2.789473684210526,sunny day,arterials,urban,yes,yes,19
VRU_254,MANUAL_DATA,train,train/MANUAL_DATA/VRU_254.mp4,0.9076385125517845,0.27189615,0.24678342,105.68189583333333,69.21735683922154,4,4.8,sunny day,arterials,urban,yes,no,25
VRU_261,MANUAL_DATA,train,train/MANUAL_DATA/VRU_261.mp4,0.5296841397260627,nan,nan,65.41327850877192,69.98024684569087,0,1.4736842105263157,sunny day,arterials,urban,yes,yes,19
VRU_269,MANUAL_DATA,train,train/MANUAL_DATA/VRU_269.mp4,2.078909660207814,0.27195358,0.5653669,89.22988020833331,66.39879214512912,1,2.3333333333333335,sunny day,T-junction,urban,yes,yes,30
VRU_274,MANUAL_DATA,train,train/MANUAL_DATA/VRU_274.mp4,0.4796009543869231,0.45279896,0.21716282,72.87577256944445,69.0000028277213,3,0.3,sunny day,arterials,urban,yes,yes,10
VRU_281,MANUAL_DATA,train,train/MANUAL_DATA/VRU_281.mp4,2.0505231128019443,0.31943592,0.6550107,114.24945119598766,48.50794327328348,6,3.7777777777777777,snowy day,arterials,urban,yes,yes,18
VRU_284,MANUAL_DATA,train,train/MANUAL_DATA/VRU_284.mp4,0.1564512550830841,0.29207534,0.045695554,74.56705808080811,68.81951194683509,11,3.6818181818181817,sunny day,arterials,urban,yes,yes,22
VRU_286,MANUAL_DATA,train,train/MANUAL_DATA/VRU_286.mp4,0.9627186480377402,nan,nan,70.44408796296297,65.4577357714947,0,2.4,clear night,intersection,urban,yes,no,15
VRU_29,MANUAL_DATA,train,train/MANUAL_DATA/VRU_29.mp4,0.07134339639118739,0.403372,0.028777929,109.36940856481483,60.68309604312573,2,8.266666666666667,sunny day,residential,urban,yes,yes,15
VRU_292,MANUAL_DATA,train,train/MANUAL_DATA/VRU_292.mp4,0.3109509209791819,0.31773937,0.09880135,96.09979383680556,47.85102917251736,4,2.125,rainy day,arterials,urban,yes,no,16
VRU_293,MANUAL_DATA,train,train/MANUAL_DATA/VRU_293.mp4,0.12740883529186248,0.4267993,0.054378,131.7742013888889,59.24394979970257,3,5.0,sunny day,arterials,urban,yes,yes,11
VRU_303,MANUAL_DATA,train,train/MANUAL_DATA/VRU_303.mp4,3.3663104295730593,0.304218,1.0240922,124.18777935606062,61.380094757549074,10,2.272727272727273,sunny day,intersection,urban,yes,no,11
VRU_308,MANUAL_DATA,train,train/MANUAL_DATA/VRU_308.mp4,0.908847140148282,0.22792968,0.20715325,99.50437692901235,66.5698680926922,8,3.0,snowy day,arterials,urban,yes,yes,9
VRU_311,MANUAL_DATA,train,train/MANUAL_DATA/VRU_311.mp4,0.049801234155893326,0.18770204,0.009347794,90.06423225308643,71.37082712828325,2,1.8888888888888888,snowy day,arterials,urban,yes,no,9
VRU_32,MANUAL_DATA,train,train/MANUAL_DATA/VRU_32.mp4,2.6300842599011958,0.49472877,1.3011783,70.65820023148147,56.50808184395786,4,4.333333333333333,sunny day,intersection,urban,yes,yes,9
VRU_324,MANUAL_DATA,train,train/MANUAL_DATA/VRU_324.mp4,0.028226036702593167,0.38132536,0.010763303,65.50649848090276,77.40212286778154,1,2.1875,snowy day,arterials,urban,yes,no,16
VRU_329,MANUAL_DATA,train,train/MANUAL_DATA/VRU_329.mp4,3.8249903621537418,0.48972675,1.8732,48.65081944444445,53.96871401849623,7,2.6333333333333333,sunny day,intersection,urban,yes,no,30
VRU_345,MANUAL_DATA,train,train/MANUAL_DATA/VRU_345.mp4,1.45433063398708,0.37914157,0.5513972,87.03352807971015,45.47769042521264,3,6.086956521739131,clear night,arterials,urban,yes,yes,23
VRU_346,MANUAL_DATA,train,train/MANUAL_DATA/VRU_346.mp4,1.2664071679886044,0.3480639,0.4407906,139.64317592592593,77.82875801354703,9,3.066666666666667,sunny day,arterials,urban,yes,yes,30
VRU_347,MANUAL_DATA,train,train/MANUAL_DATA/VRU_347.mp4,0.156841271396341,nan,nan,101.61592187500001,64.04347072816961,0,1.2333333333333334,sunny day,intersection,urban,yes,yes,30
VRU_35,MANUAL_DATA,train,train/MANUAL_DATA/VRU_35.mp4,0.361704064340427,0.11740341,0.04246529,84.20070775462963,59.15386245030298,1,2.3333333333333335,sunny day,arterials,rural,yes,yes,30
VRU_356,MANUAL_DATA,train,train/MANUAL_DATA/VRU_356.mp4,4.716254722504389,nan,nan,130.67120896464647,70.03922086118058,0,4.545454545454546,sunny day,arterials,urban,yes,no,22
VRU_360,MANUAL_DATA,train,train/MANUAL_DATA/VRU_360.mp4,1.765024842960494,0.9779729,1.7261466,119.60932725694445,37.61569277430511,3,2.0,sunny day,arterials,urban,no,no,8
VRU_364,MANUAL_DATA,train,train/MANUAL_DATA/VRU_364.mp4,5.382130015980113,0.4571557,2.4604714,77.78541968599038,55.06009779920471,1,2.0869565217391304,sunny day,arterials,urban,yes,no,23
VRU_368,MANUAL_DATA,train,train/MANUAL_DATA/VRU_368.mp4,0.3362770026613926,0.57857484,0.19456142,46.830895254629624,46.2057980952002,1,1.2333333333333334,clear night,arterials,urban,yes,yes,30
VRU_377,MANUAL_DATA,train,train/MANUAL_DATA/VRU_377.mp4,2.6448564149439333,0.40926412,1.0824448,107.38899057539682,72.84590536807887,3,7.285714285714286,sunny day,arterials,urban,yes,yes,21
VRU_383,MANUAL_DATA,train,train/MANUAL_DATA/VRU_383.mp4,0.7056431770324707,0.107334055,0.07573954,97.11638020833334,76.90299298007007,1,1.5,snowy day,arterials,urban,yes,unknown,2
VRU_42,MANUAL_DATA,train,train/MANUAL_DATA/VRU_42.mp4,0.05626609151562055,0.1082812,0.00609256,72.49634874131945,50.92706349899174,1,4.9375,sunny day,arterials,urban,yes,yes,16
VRU_48,MANUAL_DATA,train,train/MANUAL_DATA/VRU_48.mp4,3.78747426380869,0.7119201,2.696379,108.62614276960784,69.44858186349605,3,3.176470588235294,sunny day,T-junction,urban,yes,yes,17
VRU_5,MANUAL_DATA,train,train/MANUAL_DATA/VRU_5.mp4,2.619766749925475,0.4880352,1.2785383,106.28008986928104,72.7956922394369,1,7.823529411764706,sunny day,T-junction,urban,yes,yes,17
VRU_53,MANUAL_DATA,train,train/MANUAL_DATA/VRU_53.mp4,3.7143638571103414,nan,nan,83.41597113715278,48.931012157469894,0,4.1875,snowy day,T-junction,urban,yes,no,16
VRU_63,MANUAL_DATA,train,train/MANUAL_DATA/VRU_63.mp4,0.03731394215272023,0.60216177,0.022469029,122.69311879960318,82.2393366802531,6,3.142857142857143,sunny day,arterials,urban,yes,no,14
VRU_65,MANUAL_DATA,train,train/MANUAL_DATA/VRU_65.mp4,6.798471848169963,0.84318584,5.732375,116.96009176587302,60.950194251563936,2,0.7142857142857143,sunny day,arterials,urban,yes,no,7
VRU_77,MANUAL_DATA,train,train/MANUAL_DATA/VRU_77.mp4,0.0160633551545049,0.25027236,0.0040202136,52.58592534722222,57.554892166934884,2,4.65,clear night,arterials,urban,yes,yes,20
VRU_79,MANUAL_DATA,train,train/MANUAL_DATA/VRU_79.mp4,2.14899780950509,0.49468926,1.0630862,122.14373530982904,68.50010466530014,4,7.384615384615385,sunny day,arterials,urban,yes,yes,26
VRU_84,MANUAL_DATA,train,train/MANUAL_DATA/VRU_84.mp4,0.02387696408873631,0.18702477,0.0044655837,87.33771838450292,71.00542557622629,3,6.2105263157894735,sunny day,intersection,urban,yes,yes,19
VRU_93,MANUAL_DATA,train,train/MANUAL_DATA/VRU_93.mp4,1.130653977394104,0.15113458,0.17088091,76.72556423611113,40.10726028140875,1,1.5333333333333334,rainy night,arterials,urban,yes,yes,30
